日付,終値,前日比
2026/07/03,6057,-32
2026/07/02,6089,114
2026/07/01,5975,-37
2026/06/30,6012,-14
2026/06/29,6026,-46
2026/06/26,6072,124
2026/06/25,5948,-2
2026/06/24,5950,26
2026/06/23,5924,-44
2026/06/22,5968,-107
2026/06/19,6075,-12
2026/06/18,6087,16
2026/06/17,6071,-28
2026/06/16,6099,29
2026/06/15,6070,-107
2026/06/12,6177,-128
2026/06/11,6305,141
2026/06/10,6164,94
2026/06/09,6070,-65
2026/06/08,6135,162
2026/06/05,5973,-52
2026/06/04,6025,-87
2026/06/03,6112,-20
2026/06/02,6132,64
2026/06/01,6068,-99
2026/05/29,6167,69
2026/05/28,6098,-17
2026/05/27,6115,-4
2026/05/26,6119,22
2026/05/25,6097,-37
2026/05/22,6134,-99
2026/05/21,6233,-113
2026/05/20,6346,-107
2026/05/19,6453,110
2026/05/18,6343,42
2026/05/15,6301,47
2026/05/14,6254,74
2026/05/13,6180,122
2026/05/12,6058,-106
2026/05/11,6164,395
2026/05/08,5769,-168
2026/05/07,5937,51
2026/05/01,5886,21
2026/04/30,5865,86
2026/04/28,5779,-2
2026/04/27,5781,-48
2026/04/24,5829,-37
2026/04/23,5866,194
2026/04/22,5672,-85
2026/04/21,5757,-33
2026/04/20,5790,-10
2026/04/17,5800,-47
2026/04/16,5847,-50
2026/04/15,5897,2
2026/04/14,5895,-58
2026/04/13,5953,-20
2026/04/10,5973,-61
2026/04/09,6034,-47
2026/04/08,6081,-5
2026/04/07,6086,-12
2026/04/06,6098,-7
2026/04/03,6105,100
2026/04/02,6005,-71
2026/04/01,6076,56
2026/03/31,6020,-36
2026/03/30,6056,78
2026/03/27,5978,-5
2026/03/26,5983,33
2026/03/25,5950,130
2026/03/24,5820,127
2026/03/23,5693,-154
2026/03/19,5847,-118
2026/03/18,5965,87
2026/03/17,5878,72
2026/03/16,5806,95
2026/03/13,5711,51
2026/03/12,5660,-128
2026/03/11,5788,45
2026/03/10,5743,83
2026/03/09,5660,-54
2026/03/06,5714,34
2026/03/05,5680,7
2026/03/04,5673,-133
2026/03/03,5806,-176
2026/03/02,5982,-5
2026/02/27,5987,-23
2026/02/26,6010,-67
2026/02/25,6077,97
2026/02/24,5980,87
2026/02/20,5893,-79
2026/02/19,5972,8
2026/02/18,5964,73
2026/02/17,5891,-99
2026/02/16,5990,-97
2026/02/13,6087,-53
2026/02/12,6140,95
2026/02/10,6045,-89
2026/02/09,6134,95
2026/02/06,6039,105
2026/02/05,5934,47
2026/02/04,5887,109
2026/02/03,5778,84
2026/02/02,5694,113
2026/01/30,5581,22
2026/01/29,5559,48
2026/01/28,5511,-63
2026/01/27,5574,-11
2026/01/26,5585,-63
2026/01/23,5648,-33
2026/01/22,5681,-61
2026/01/21,5742,-79
2026/01/20,5821,38
2026/01/19,5783,-17
2026/01/16,5800,-30
2026/01/15,5830,5
2026/01/14,5825,32
2026/01/13,5793,16
2026/01/09,5777,47
2026/01/08,5730,124
2026/01/07,5606,-41
2026/01/06,5647,11
2026/01/05,5636,-4
2025/12/30,5640,-27
2025/12/29,5667,-92
2025/12/26,5759,-9
2025/12/25,5768,-7
2025/12/24,5775,10
2025/12/23,5765,16
2025/12/22,5749,-25
2025/12/19,5774,2
2025/12/18,5772,-38
2025/12/17,5810,-9
2025/12/16,5819,-22
2025/12/15,5841,71
2025/12/12,5770,42
2025/12/11,5728,-90
2025/12/10,5818,28
2025/12/09,5790,36
2025/12/08,5754,13
2025/12/05,5741,-28
2025/12/04,5769,-45
2025/12/03,5814,-102
2025/12/02,5916,51
2025/12/01,5865,-2
2025/11/28,5867,-16
2025/11/27,5883,36
2025/11/26,5847,147
2025/11/25,5700,-70
2025/11/21,5770,-4
2025/11/20,5774,87
2025/11/19,5687,17
2025/11/18,5670,-31
2025/11/17,5701,16
2025/11/14,5685,14
2025/11/13,5671,17
2025/11/12,5654,82
2025/11/11,5572,31
2025/11/10,5541,-7
2025/11/07,5548,78
2025/11/06,5470,78
2025/11/05,5392,109
2025/11/04,5283,-82
2025/10/31,5365,440
2025/10/30,4925,17
2025/10/29,4908,-73
2025/10/28,4981,-29
2025/10/27,5010,39
2025/10/24,4971,-34
2025/10/23,5005,34
2025/10/22,4971,-11
2025/10/21,4982,-38
2025/10/20,5020,13
2025/10/17,5007,54
2025/10/16,4953,25
2025/10/15,4928,18
2025/10/14,4910,6
2025/10/10,4904,35
2025/10/09,4869,-36
2025/10/08,4905,28
2025/10/07,4877,-59
2025/10/06,4936,7
2025/10/03,4929,172
2025/10/02,4757,-71
2025/10/01,4828,-34
2025/09/30,4862,11
2025/09/29,4851,-71
2025/09/26,4922,95
2025/09/25,4827,37
2025/09/24,4790,26
2025/09/22,4764,-6
2025/09/19,4770,17
2025/09/18,4753,7
2025/09/17,4746,-7
2025/09/16,4753,9
2025/09/12,4744,-8
2025/09/11,4752,32
2025/09/10,4720,-5
2025/09/09,4725,-58
2025/09/08,4783,41
2025/09/05,4742,29
2025/09/04,4713,37
2025/09/03,4676,-9
2025/09/02,4685,2
2025/09/01,4683,-5
2025/08/29,4688,-36
2025/08/28,4724,21
2025/08/27,4703,-2
2025/08/26,4705,-39
2025/08/25,4744,-86
2025/08/22,4830,18
2025/08/21,4812,-65
2025/08/20,4877,113
2025/08/19,4764,54
2025/08/18,4710,-34
2025/08/15,4744,-15
2025/08/14,4759,-41
2025/08/13,4800,-15
2025/08/12,4815,38
2025/08/08,4777,38
2025/08/07,4739,50
2025/08/06,4689,88
2025/08/05,4601,23
2025/08/04,4578,-7
2025/08/01,4585,267
2025/07/31,4318,27
2025/07/30,4291,28
2025/07/29,4263,-6
2025/07/28,4269,35
2025/07/25,4234,-35
2025/07/24,4269,0
2025/07/23,4269,-33
2025/07/22,4302,1
2025/07/18,4301,-37
2025/07/17,4338,51
2025/07/16,4287,-20
2025/07/15,4307,35
2025/07/14,4272,45
2025/07/11,4227,72
2025/07/10,4155,-39
2025/07/09,4194,16
2025/07/08,4178,-30
2025/07/07,4208,-10
2025/07/04,4218,4
2025/07/03,4214,-21
2025/07/02,4235,-17
2025/07/01,4252,4
2025/06/30,4248,32
2025/06/27,4216,-63
2025/06/26,4279,-33
2025/06/25,4312,-38
2025/06/24,4350,-30
2025/06/23,4380,17
2025/06/20,4363,-53
2025/06/19,4416,16
2025/06/18,4400,45
2025/06/17,4355,-5
2025/06/16,4360,24
2025/06/13,4336,-81
2025/06/12,4417,55
2025/06/11,4362,-39
2025/06/10,4401,36
2025/06/09,4365,35
2025/06/06,4330,43
2025/06/05,4287,-72
2025/06/04,4359,-51
2025/06/03,4410,-1
2025/06/02,4411,-27
2025/05/30,4438,4
2025/05/29,4434,-5
2025/05/28,4439,12
2025/05/27,4427,0
2025/05/26,4427,-21
2025/05/23,4448,37
2025/05/22,4411,-44
2025/05/21,4455,-22
2025/05/20,4477,19
2025/05/19,4458,25
2025/05/16,4433,85
2025/05/15,4348,-22
2025/05/14,4370,-102
2025/05/13,4472,-34
2025/05/12,4506,-63
2025/05/09,4569,10
2025/05/08,4559,57
2025/05/07,4502,14
2025/05/02,4488,48
2025/05/01,4440,33
2025/04/30,4407,25
2025/04/28,4382,28
2025/04/25,4354,13
2025/04/24,4341,-75
2025/04/23,4416,154
2025/04/22,4262,22
2025/04/21,4240,-10
2025/04/18,4250,0
2025/04/17,4250,49
2025/04/16,4201,-8
2025/04/15,4209,54
2025/04/14,4155,66
2025/04/11,4089,-61
2025/04/10,4150,145
2025/04/09,4005,-22
2025/04/08,4027,178
2025/04/07,3849,-217
2025/04/04,4066,18
2025/04/03,4048,-72
2025/04/02,4120,-38
2025/04/01,4158,44
2025/03/31,4114,-85
2025/03/28,4199,24
2025/03/27,4175,26
2025/03/26,4149,14
2025/03/25,4135,75
2025/03/24,4060,0
2025/03/21,4060,7
2025/03/19,4053,25
2025/03/18,4028,84
2025/03/17,3944,34
2025/03/14,3910,23
2025/03/13,3887,23
2025/03/12,3864,7
2025/03/11,3857,-8
2025/03/10,3865,2
2025/03/07,3863,5
2025/03/06,3858,-3
2025/03/05,3861,42
2025/03/04,3819,8
2025/03/03,3811,61
2025/02/28,3750,3
2025/02/27,3747,-3
2025/02/26,3750,-17
2025/02/25,3767,40
2025/02/21,3727,14
2025/02/20,3713,-11
2025/02/19,3724,-37
2025/02/18,3761,-10
2025/02/17,3771,-62
2025/02/14,3833,-119
2025/02/13,3952,23
2025/02/12,3929,24
2025/02/10,3905,-16
2025/02/07,3921,-3
2025/02/06,3924,-10
2025/02/05,3934,-31
2025/02/04,3965,5
2025/02/03,3960,-13
2025/01/31,3973,-28
2025/01/30,4001,-4
2025/01/29,4005,9
2025/01/28,3996,44
2025/01/27,3952,70
2025/01/24,3882,-8
2025/01/23,3890,-3
2025/01/22,3893,16
2025/01/21,3877,3
2025/01/20,3874,8
2025/01/17,3866,-36
2025/01/16,3902,-43
2025/01/15,3945,43
2025/01/14,3902,-43
2025/01/10,3945,-18
2025/01/09,3963,21
2025/01/08,3942,-67
2025/01/07,4009,-40
2025/01/06,4049,-31
2024/12/30,4080,-8
2024/12/27,4088,-44
2024/12/26,4132,12
2024/12/25,4120,-15
2024/12/24,4135,12
2024/12/23,4123,-20
2024/12/20,4143,-15
2024/12/19,4158,4
2024/12/18,4154,-6
2024/12/17,4160,-10
2024/12/16,4170,-3
2024/12/13,4173,-42
2024/12/12,4215,30
2024/12/11,4185,-10
2024/12/10,4195,-11
2024/12/09,4206,-7
2024/12/06,4213,0
2024/12/05,4213,12
2024/12/04,4201,-30
2024/12/03,4231,10
2024/12/02,4221,2
2024/11/29,4219,-39
2024/11/28,4258,15
2024/11/27,4243,-10
2024/11/26,4253,6
2024/11/25,4247,11
2024/11/22,4236,32
2024/11/21,4204,8
2024/11/20,4196,1
2024/11/19,4195,25
2024/11/18,4170,-17
2024/11/15,4187,26
2024/11/14,4161,-5
2024/11/13,4166,-38
2024/11/12,4204,1
2024/11/11,4203,3
2024/11/08,4200,-25
2024/11/07,4225,102
2024/11/06,4123,11
2024/11/05,4112,-13
2024/11/01,4125,-156
2024/10/31,4281,21
2024/10/30,4260,37
2024/10/29,4223,90
2024/10/28,4133,44
2024/10/25,4089,-55
2024/10/24,4144,14
2024/10/23,4130,41
2024/10/22,4089,-5
2024/10/21,4094,-156
2024/10/18,4250,-31
2024/10/17,4281,22
2024/10/16,4259,-24
2024/10/15,4283,-37
2024/10/11,4320,-46
2024/10/10,4366,55
2024/10/09,4311,23
2024/10/08,4288,-45
2024/10/07,4333,52
2024/10/04,4281,34
2024/10/03,4247,40
2024/10/02,4207,-34
2024/10/01,4241,62
2024/09/30,4179,-135
2024/09/27,4314,90
2024/09/26,4224,98
2024/09/25,4126,-44
2024/09/24,4170,76
2024/09/20,4094,1
2024/09/19,4093,38
2024/09/18,4055,-15
2024/09/17,4070,-24
2024/09/13,4094,-35
2024/09/12,4129,30
2024/09/11,4099,-108
2024/09/10,4207,1
2024/09/09,4206,33
2024/09/06,4173,-17
2024/09/05,4190,33
2024/09/04,4157,-47
2024/09/03,4204,14
2024/09/02,4190,-13
2024/08/30,4203,-11
2024/08/29,4214,15
2024/08/28,4199,29
2024/08/27,4170,16
2024/08/26,4154,-64
2024/08/23,4218,53
2024/08/22,4165,58
2024/08/21,4107,-14
2024/08/20,4121,4
2024/08/19,4117,-71
2024/08/16,4188,47
2024/08/15,4141,57
2024/08/14,4084,109
2024/08/13,3975,55
2024/08/09,3920,-12
2024/08/08,3932,-25
2024/08/07,3957,189
2024/08/06,3768,314
2024/08/05,3454,-699
2024/08/02,4153,-93
2024/08/01,4246,-188
2024/07/31,4434,36
2024/07/30,4398,-18
2024/07/29,4416,87
2024/07/26,4329,-31
2024/07/25,4360,-75
2024/07/24,4435,-56
2024/07/23,4491,23
2024/07/22,4468,18
2024/07/19,4450,17
2024/07/18,4433,33
2024/07/17,4400,26
2024/07/16,4374,4
2024/07/12,4370,-69
2024/07/11,4439,-11
2024/07/10,4450,41
2024/07/09,4409,7
2024/07/08,4402,-16
2024/07/05,4418,-58
2024/07/04,4476,-11
2024/07/03,4487,55
2024/07/02,4432,17
2024/07/01,4415,67
2024/06/28,4348,-22
2024/06/27,4370,-132
2024/06/26,4502,11
2024/06/25,4491,53
2024/06/24,4438,22
2024/06/21,4416,27
2024/06/20,4389,-21
2024/06/19,4410,-74
2024/06/18,4484,3
2024/06/17,4481,-43
2024/06/14,4524,28
2024/06/13,4496,-41
2024/06/12,4537,-34
2024/06/11,4571,0
2024/06/10,4571,10
2024/06/07,4561,32
2024/06/06,4529,-21
2024/06/05,4550,-20
2024/06/04,4570,37
2024/06/03,4533,81
2024/05/31,4452,39
2024/05/30,4413,2
2024/05/29,4411,-17
2024/05/28,4428,-24
2024/05/27,4452,-4
2024/05/24,4456,10
2024/05/23,4446,16
2024/05/22,4430,-26
2024/05/21,4456,5
2024/05/20,4451,40
2024/05/17,4411,9
2024/05/16,4402,7
2024/05/15,4395,46
2024/05/14,4349,-26
2024/05/13,4375,-35
2024/05/10,4410,68
2024/05/09,4342,67
2024/05/08,4275,-33
2024/05/07,4308,5
2024/05/02,4303,39
2024/05/01,4264,19
2024/04/30,4245,68
2024/04/26,4177,21
2024/04/25,4156,-44
2024/04/24,4200,25
2024/04/23,4175,26
2024/04/22,4149,77
2024/04/19,4072,-3
2024/04/18,4075,8
2024/04/17,4067,-33
2024/04/16,4100,-80
2024/04/15,4180,12
2024/04/12,4168,39
2024/04/11,4129,6
2024/04/10,4123,-12
2024/04/09,4135,36
2024/04/08,4099,1
2024/04/05,4098,-42
2024/04/04,4140,28
2024/04/03,4112,-40
2024/04/02,4152,72
2024/04/01,4080,26
2024/03/29,4054,26
2024/03/28,4028,30
2024/03/27,3998,29
2024/03/26,3969,-2
2024/03/25,3971,-7
2024/03/22,3978,20
2024/03/21,3958,8
2024/03/19,3950,49
2024/03/18,3901,54
2024/03/15,3847,-22
2024/03/14,3869,31
2024/03/13,3838,8
2024/03/12,3830,6
2024/03/11,3824,-40
2024/03/08,3864,5
2024/03/07,3859,-11
2024/03/06,3870,-2
2024/03/05,3872,34
2024/03/04,3838,-41
2024/03/01,3879,-13
2024/02/29,3892,6
2024/02/28,3886,-36
2024/02/27,3922,-17
2024/02/26,3939,-16
2024/02/22,3955,40
2024/02/21,3915,10
2024/02/20,3905,-7
2024/02/19,3912,36
2024/02/16,3876,-4
2024/02/15,3880,-29
2024/02/14,3909,-119
2024/02/13,4028,90
2024/02/09,3938,19
2024/02/08,3919,-20
2024/02/07,3939,5
2024/02/06,3934,11
2024/02/05,3923,17
2024/02/02,3906,3
2024/02/01,3903,8
2024/01/31,3895,63
2024/01/30,3832,22
2024/01/29,3810,45
2024/01/26,3765,-46
2024/01/25,3811,-1
2024/01/24,3812,-2
2024/01/23,3814,13
2024/01/22,3801,6
2024/01/19,3795,-45
2024/01/18,3840,24
2024/01/17,3816,-10
2024/01/16,3826,-2
2024/01/15,3828,43
2024/01/12,3785,-10
2024/01/11,3795,-5
2024/01/10,3800,42
2024/01/09,3758,1
2024/01/05,3757,48
2024/01/04,3709,64
2023/12/29,3645,33
2023/12/28,3612,-107
2023/12/27,3719,-8
2023/12/26,3727,-16
2023/12/25,3743,21
2023/12/22,3722,-1
2023/12/21,3723,8
2023/12/20,3715,-11
2023/12/19,3726,58
2023/12/18,3668,-47
2023/12/15,3715,15
2023/12/14,3700,-39
2023/12/13,3739,-36
2023/12/12,3775,-15
2023/12/11,3790,48
2023/12/08,3742,-84
2023/12/07,3826,-16
2023/12/06,3842,45
2023/12/05,3797,-48
2023/12/04,3845,-6
2023/12/01,3851,50
2023/11/30,3801,23
2023/11/29,3778,-25
2023/11/28,3803,4
2023/11/27,3799,17
2023/11/24,3782,25
2023/11/22,3757,39
2023/11/21,3718,-40
2023/11/20,3758,-17
2023/11/17,3775,46
2023/11/16,3729,-21
2023/11/15,3750,-37
2023/11/14,3787,45
2023/11/13,3742,22
2023/11/10,3720,44
2023/11/09,3676,19
2023/11/08,3657,-18
2023/11/07,3675,-6
2023/11/06,3681,21
2023/11/02,3660,-2
2023/11/01,3662,141
2023/10/31,3521,66
2023/10/30,3455,-30
2023/10/27,3485,30
2023/10/26,3455,-13
2023/10/25,3468,39
2023/10/24,3429,0
2023/10/23,3429,6
2023/10/20,3423,-8
2023/10/19,3431,-19
2023/10/18,3450,51
2023/10/17,3399,11
2023/10/16,3388,-18
2023/10/13,3406,-14
2023/10/12,3420,34
2023/10/11,3386,21
2023/10/10,3365,62
2023/10/06,3303,64
2023/10/05,3239,-33
2023/10/04,3272,-157
2023/10/03,3429,-20
2023/10/02,3449,9
2023/09/29,3440,-27
2023/09/28,3467,35
2023/09/27,3432,-3
2023/09/26,3435,-38
2023/09/25,3473,47
2023/09/22,3426,-3
2023/09/21,3429,-1
2023/09/20,3430,46
2023/09/19,3384,51
2023/09/15,3333,20
2023/09/14,3313,62
2023/09/13,3251,13
2023/09/12,3238,8
2023/09/11,3230,-8
2023/09/08,3238,-16
2023/09/07,3254,43
2023/09/06,3211,-1
2023/09/05,3212,-13
2023/09/04,3225,23
2023/09/01,3202,11
2023/08/31,3191,-7
2023/08/30,3198,31
2023/08/29,3167,-3
2023/08/28,3170,35
2023/08/25,3135,-13
2023/08/24,3148,24
2023/08/23,3124,13
2023/08/22,3111,29
2023/08/21,3082,-7
2023/08/18,3089,4
2023/08/17,3085,-13
2023/08/16,3098,-5
2023/08/15,3103,-12
2023/08/14,3115,5
2023/08/10,3110,13
2023/08/09,3097,-7
2023/08/08,3104,14
2023/08/07,3090,-16
2023/08/04,3106,18
2023/08/03,3088,-4
2023/08/02,3092,-13
2023/08/01,3105,-48
2023/07/31,3153,56
2023/07/28,3097,-9
2023/07/27,3106,3
2023/07/26,3103,-5
2023/07/25,3108,-5
2023/07/24,3113,21
2023/07/21,3092,4
2023/07/20,3088,14
2023/07/19,3074,15
2023/07/18,3059,43
2023/07/14,3016,-10
2023/07/13,3026,11
2023/07/12,3015,-23
2023/07/11,3038,-13
2023/07/10,3051,-45
2023/07/07,3096,-31
2023/07/06,3127,-8
2023/07/05,3135,-6
2023/07/04,3141,-8
2023/07/03,3149,-4
2023/06/30,3153,49
2023/06/29,3104,-118
2023/06/28,3222,8
2023/06/27,3214,-25
2023/06/26,3239,36
2023/06/23,3203,-2
2023/06/22,3205,1
2023/06/21,3204,15
2023/06/20,3189,2
2023/06/19,3187,-14
2023/06/16,3201,-13
2023/06/15,3214,14
2023/06/14,3200,22
2023/06/13,3178,30
2023/06/12,3148,7
2023/06/09,3141,26
2023/06/08,3115,-5
2023/06/07,3120,-19
2023/06/06,3139,22
2023/06/05,3117,33
2023/06/02,3084,23
2023/06/01,3061,21
2023/05/31,3040,-37
2023/05/30,3077,-6
2023/05/29,3083,11
2023/05/26,3072,-8
2023/05/25,3080,-8
2023/05/24,3088,-1
2023/05/23,3089,-14
2023/05/22,3103,57
2023/05/19,3046,-18
2023/05/18,3064,17
2023/05/17,3047,-15
2023/05/16,3062,30
2023/05/15,3032,17
2023/05/12,3015,51
2023/05/11,2964,-21.5
2023/05/10,2985.5,-1.5
2023/05/09,2987,7.5
2023/05/08,2979.5,45.5
2023/05/02,2934,-17.5
2023/05/01,2951.5,28
2023/04/28,2923.5,7
2023/04/27,2916.5,21
2023/04/26,2895.5,-3.5
2023/04/25,2899,30
2023/04/24,2869,-3.5
2023/04/21,2872.5,-7
2023/04/20,2879.5,-9.5
2023/04/19,2889,37.5
2023/04/18,2851.5,24
2023/04/17,2827.5,20
2023/04/14,2807.5,14
2023/04/13,2793.5,-1.5
2023/04/12,2795,-5
2023/04/11,2800,4
2023/04/10,2796,29.5
2023/04/07,2766.5,-13.5
2023/04/06,2780,0
2023/04/05,2780,-25
2023/04/04,2805,10
2023/04/03,2795,-3
2023/03/31,2798,-40.5
2023/03/30,2838.5,38.5
2023/03/29,2800,24
2023/03/28,2776,38
2023/03/27,2738,15
2023/03/24,2723,-0.5
2023/03/23,2723.5,-19
2023/03/22,2742.5,39
2023/03/20,2703.5,-19
2023/03/17,2722.5,-15
2023/03/16,2737.5,-9.5
2023/03/15,2747,23.5
2023/03/14,2723.5,-45.5
2023/03/13,2769,-9.5
2023/03/10,2778.5,-16.5
2023/03/09,2795,14
2023/03/08,2781,19.5
2023/03/07,2761.5,3
2023/03/06,2758.5,23
2023/03/03,2735.5,12.5
2023/03/02,2723,-33
2023/03/01,2756,-13.5
2023/02/28,2769.5,-28
2023/02/27,2797.5,1
2023/02/24,2796.5,23
2023/02/22,2773.5,-8.5
2023/02/21,2782,-6.5
2023/02/20,2788.5,17.5
2023/02/17,2771,-7.5
2023/02/16,2778.5,-8
2023/02/15,2786.5,66.5
2023/02/14,2720,52.5
2023/02/13,2667.5,28
2023/02/10,2639.5,8.5
2023/02/09,2631,-9.5
2023/02/08,2640.5,-5
2023/02/07,2645.5,9.5
2023/02/06,2636,20
2023/02/03,2616,-13
2023/02/02,2629,-21.5
2023/02/01,2650.5,-4.5
2023/01/31,2655,5.5
2023/01/30,2649.5,-26
2023/01/27,2675.5,-1
2023/01/26,2676.5,1
2023/01/25,2675.5,8.5
2023/01/24,2667,18
2023/01/23,2649,19
2023/01/20,2630,41.5
2023/01/19,2588.5,-6
2023/01/18,2594.5,28
2023/01/17,2566.5,23.5
2023/01/16,2543,-20.5
2023/01/13,2563.5,-18
2023/01/12,2581.5,-2.5
2023/01/11,2584,-21
2023/01/10,2605,-5.5
2023/01/06,2610.5,-7
2023/01/05,2617.5,10.5
2023/01/04,2607,-54
2022/12/30,2661,-15
2022/12/29,2676,-167
2022/12/28,2843,-4.5
2022/12/27,2847.5,5
2022/12/26,2842.5,17.5
2022/12/23,2825,-1
2022/12/22,2826,30.5
2022/12/21,2795.5,-37
2022/12/20,2832.5,7.5
2022/12/19,2825,2
2022/12/16,2823,0
2022/12/15,2823,0.5
2022/12/14,2822.5,-17.5
2022/12/13,2840,16
2022/12/12,2824,-5
2022/12/09,2829,10.5
2022/12/08,2818.5,0.5
2022/12/07,2818,5.5
2022/12/06,2812.5,28.5
2022/12/05,2784,6
2022/12/02,2778,-32.5
2022/12/01,2810.5,-5
2022/11/30,2815.5,-1
2022/11/29,2816.5,-10.5
2022/11/28,2827,-4.5
2022/11/25,2831.5,4
2022/11/24,2827.5,-1
2022/11/22,2828.5,33.5
2022/11/21,2795,13.5
2022/11/18,2781.5,19.5
2022/11/17,2762,25
2022/11/16,2737,-8
2022/11/15,2745,2.5
2022/11/14,2742.5,-38
2022/11/11,2780.5,-36.5
2022/11/10,2817,18
2022/11/09,2799,-5
2022/11/08,2804,8
2022/11/07,2796,1
2022/11/04,2795,-5
2022/11/02,2800,102
2022/11/01,2698,234
2022/10/31,2464,34.5
2022/10/28,2429.5,-3
2022/10/27,2432.5,-25
2022/10/26,2457.5,4
2022/10/25,2453.5,49.5
2022/10/24,2404,-20
2022/10/21,2424,-11.5
2022/10/20,2435.5,13.5
2022/10/19,2422,-2.5
2022/10/18,2424.5,-4.5
2022/10/17,2429,-5
2022/10/14,2434,28.5
2022/10/13,2405.5,-1
2022/10/12,2406.5,8.5
2022/10/11,2398,7.5
2022/10/07,2390.5,-18.5
2022/10/06,2409,-1.5
2022/10/05,2410.5,5.5
2022/10/04,2405,48.5
2022/10/03,2356.5,-17.5
2022/09/30,2374,-22.5
2022/09/29,2396.5,59
2022/09/28,2337.5,-34
2022/09/27,2371.5,26
2022/09/26,2345.5,-53.5
2022/09/22,2399,16
2022/09/21,2383,-30.5
2022/09/20,2413.5,48
2022/09/16,2365.5,4
2022/09/15,2361.5,5
2022/09/14,2356.5,-31.5
2022/09/13,2388,-6
2022/09/12,2394,11
2022/09/09,2383,-7
2022/09/08,2390,18.5
2022/09/07,2371.5,6
2022/09/06,2365.5,0.5
2022/09/05,2365,-9
2022/09/02,2374,2
2022/09/01,2372,12
2022/08/31,2360,-17
2022/08/30,2377,13
2022/08/29,2364,0
2022/08/26,2364,1
2022/08/25,2363,-7.5
2022/08/24,2370.5,-1
2022/08/23,2371.5,-13.5
2022/08/22,2385,18
2022/08/19,2367,21.5
2022/08/18,2345.5,-13
2022/08/17,2358.5,23.5
2022/08/16,2335,7
2022/08/15,2328,6
2022/08/12,2322,7
2022/08/10,2315,26
2022/08/09,2289,-18
2022/08/08,2307,14
2022/08/05,2293,8.5
2022/08/04,2284.5,-11.5
2022/08/03,2296,4
2022/08/02,2292,-39
2022/08/01,2331,-56.5
2022/07/29,2387.5,-45.5
2022/07/28,2433,3.5
2022/07/27,2429.5,18.5
2022/07/26,2411,0
2022/07/25,2411,17
2022/07/22,2394,-3
2022/07/21,2397,7
2022/07/20,2390,33.5
2022/07/19,2356.5,6.5
2022/07/15,2350,0.5
2022/07/14,2349.5,-17
2022/07/13,2366.5,0.5
2022/07/12,2366,-14
2022/07/11,2380,37.5
2022/07/08,2342.5,-12.5
2022/07/07,2355,27
2022/07/06,2328,-27.5
2022/07/05,2355.5,26.5
2022/07/04,2329,38.5
2022/07/01,2290.5,-55.5
2022/06/30,2346,4
2022/06/29,2342,-56
2022/06/28,2398,-18
2022/06/27,2416,7
2022/06/24,2409,-20.5
2022/06/23,2429.5,9.5
2022/06/22,2420,10
2022/06/21,2410,29
2022/06/20,2381,-9
2022/06/17,2390,0
2022/06/16,2390,10
2022/06/15,2380,-11
2022/06/14,2391,-12
2022/06/13,2403,20
2022/06/10,2383,-35
2022/06/09,2418,-13
2022/06/08,2431,24
2022/06/07,2407,18
2022/06/06,2389,3.5
2022/06/03,2385.5,2.5
2022/06/02,2383,15.5
2022/06/01,2367.5,27
2022/05/31,2340.5,-19.5
2022/05/30,2360,29
2022/05/27,2331,-20
2022/05/26,2351,24
2022/05/25,2327,34
2022/05/24,2293,11.5
2022/05/23,2281.5,13.5
2022/05/20,2268,-32
2022/05/19,2300,17.5
2022/05/18,2282.5,2.5
2022/05/17,2280,-4.5
2022/05/16,2284.5,16.5
2022/05/13,2268,8.5
2022/05/12,2259.5,-8
2022/05/11,2267.5,9
2022/05/10,2258.5,-13
2022/05/09,2271.5,-28
2022/05/06,2299.5,71.5
2022/05/02,2228,4.5
2022/04/28,2223.5,37
2022/04/27,2186.5,-5
2022/04/26,2191.5,-12.5
2022/04/25,2204,-6.5
2022/04/22,2210.5,-3.5
2022/04/21,2214,12
2022/04/20,2202,41
2022/04/19,2161,8
2022/04/18,2153,-4.5
2022/04/15,2157.5,0.5
2022/04/14,2157,18
2022/04/13,2139,-17.5
2022/04/12,2156.5,-15.5
2022/04/11,2172,31
2022/04/08,2141,2.5
2022/04/07,2138.5,16
2022/04/06,2122.5,-19.5
2022/04/05,2142,6
2022/04/04,2136,13
2022/04/01,2123,35.5
2022/03/31,2087.5,-24
2022/03/30,2111.5,12.5
2022/03/29,2099,-20.5
2022/03/28,2119.5,28.5
2022/03/25,2091,1.5
2022/03/24,2089.5,-6
2022/03/23,2095.5,31.5
2022/03/22,2064,32
2022/03/18,2032,0.5
2022/03/17,2031.5,10.5
2022/03/16,2021,-23
2022/03/15,2044,44
2022/03/14,2000,-12
2022/03/11,2012,-73
2022/03/10,2085,72
2022/03/09,2013,7
2022/03/08,2006,-46
2022/03/07,2052,-62
2022/03/04,2114,-57.5
2022/03/03,2171.5,36
2022/03/02,2135.5,-9.5
2022/03/01,2145,25
2022/02/28,2120,-79.5
2022/02/25,2199.5,8
2022/02/24,2191.5,-59
2022/02/22,2250.5,-72.5
2022/02/21,2323,-21
2022/02/18,2344,-6
2022/02/17,2350,-14.5
2022/02/16,2364.5,52.5
2022/02/15,2312,-35.5
2022/02/14,2347.5,-10
2022/02/10,2357.5,17.5
2022/02/09,2340,-3
2022/02/08,2343,3
2022/02/07,2340,19.5
2022/02/04,2320.5,-14.5
2022/02/03,2335,40
2022/02/02,2295,-5.5
2022/02/01,2300.5,6.5
2022/01/31,2294,-34.5
2022/01/28,2328.5,38
2022/01/27,2290.5,-14.5
2022/01/26,2305,-46.5
2022/01/25,2351.5,2
2022/01/24,2349.5,14
2022/01/21,2335.5,-9
2022/01/20,2344.5,16.5
2022/01/19,2328,-23
2022/01/18,2351,-6.5
2022/01/17,2357.5,-5.5
2022/01/14,2363,0
2022/01/13,2363,-4.5
2022/01/12,2367.5,2
2022/01/11,2365.5,33
2022/01/07,2332.5,3.5
2022/01/06,2329,5.5
2022/01/05,2323.5,15.5
2022/01/04,2308,-14.5
2021/12/30,2322.5,10
2021/12/29,2312.5,-65
2021/12/28,2377.5,-5
2021/12/27,2382.5,0.5
2021/12/24,2382,-18
2021/12/23,2400,18.5
2021/12/22,2381.5,-10
2021/12/21,2391.5,13.5
2021/12/20,2378,-24
2021/12/17,2402,-0.5
2021/12/16,2402.5,29
2021/12/15,2373.5,18
2021/12/14,2355.5,17.5
2021/12/13,2338,5.5
2021/12/10,2332.5,-2
2021/12/09,2334.5,-10.5
2021/12/08,2345,-6
2021/12/07,2351,26.5
2021/12/06,2324.5,7.5
2021/12/03,2317,38.5
2021/12/02,2278.5,12
2021/12/01,2266.5,-7
2021/11/30,2273.5,2
2021/11/29,2271.5,-3
2021/11/26,2274.5,-22
2021/11/25,2296.5,5.5
2021/11/24,2291,-18
2021/11/22,2309,11
2021/11/19,2298,-11
2021/11/18,2309,-17.5
2021/11/17,2326.5,-20.5
2021/11/16,2347,16
2021/11/15,2331,-5
2021/11/12,2336,26
2021/11/11,2310,-16
2021/11/10,2326,-1
2021/11/09,2327,-17
2021/11/08,2344,-16
2021/11/05,2360,-5
2021/11/04,2365,36.5
2021/11/02,2328.5,-50
2021/11/01,2378.5,143
2021/10/29,2235.5,-8.5
2021/10/28,2244,-21
2021/10/27,2265,11.5
2021/10/26,2253.5,21.5
2021/10/25,2232,-19
2021/10/22,2251,-20.5
2021/10/21,2271.5,-24
2021/10/20,2295.5,13.5
2021/10/19,2282,-7
2021/10/18,2289,-34
2021/10/15,2323,49
2021/10/14,2274,10
2021/10/13,2264,34
2021/10/12,2230,26
2021/10/11,2204,17
2021/10/08,2187,6
2021/10/07,2181,-12
2021/10/06,2193,28
2021/10/05,2165,5.5
2021/10/04,2159.5,-13
2021/10/01,2172.5,-17.5
2021/09/30,2190,13.5
2021/09/29,2176.5,-18.5
2021/09/28,2195,12
2021/09/27,2183,3
2021/09/24,2180,25
2021/09/22,2155,-9
2021/09/21,2164,-21
2021/09/17,2185,-8.5
2021/09/16,2193.5,16
2021/09/15,2177.5,-16.5
2021/09/14,2194,-0.5
2021/09/13,2194.5,1.5
2021/09/10,2193,5.5
2021/09/09,2187.5,0.5
2021/09/08,2187,-4.5
2021/09/07,2191.5,11.5
2021/09/06,2180,0
2021/09/03,2180,22
2021/09/02,2158,3.5
2021/09/01,2154.5,22
2021/08/31,2132.5,-3
2021/08/30,2135.5,24.5
2021/08/27,2111,-10.5
2021/08/26,2121.5,2.5
2021/08/25,2119,-16.5
2021/08/24,2135.5,-14
2021/08/23,2149.5,31
2021/08/20,2118.5,-14.5
2021/08/19,2133,-16.5
2021/08/18,2149.5,13.5
2021/08/17,2136,-12.5
2021/08/16,2148.5,-12.5
2021/08/13,2161,7
2021/08/12,2154,3
2021/08/11,2151,25
2021/08/10,2126,-11
2021/08/06,2137,0.5
2021/08/05,2136.5,-19
2021/08/04,2155.5,-47
2021/08/03,2202.5,-1
2021/08/02,2203.5,63.5
2021/07/30,2140,-19
2021/07/29,2159,-37.5
2021/07/28,2196.5,17
2021/07/27,2179.5,7.5
2021/07/26,2172,14.5
2021/07/21,2157.5,-1
2021/07/20,2158.5,11.5
2021/07/19,2147,-14.5
2021/07/16,2161.5,6
2021/07/15,2155.5,2.5
2021/07/14,2153,-3
2021/07/13,2156,36
2021/07/12,2120,29.5
2021/07/09,2090.5,10
2021/07/08,2080.5,-8
2021/07/07,2088.5,-22.5
2021/07/06,2111,7
2021/07/05,2104,-21.5
2021/07/02,2125.5,10.5
2021/07/01,2115,16.5
2021/06/30,2098.5,-16
2021/06/29,2114.5,-83.5
2021/06/28,2198,-1
2021/06/25,2199,3
2021/06/24,2196,-3.5
2021/06/23,2199.5,-3
2021/06/22,2202.5,26
2021/06/21,2176.5,-28
2021/06/18,2204.5,-2.5
2021/06/17,2207,-9
2021/06/16,2216,14
2021/06/15,2202,9
2021/06/14,2193,3
2021/06/11,2190,2
2021/06/10,2188,-14.5
2021/06/09,2202.5,11
2021/06/08,2191.5,-8.5
2021/06/07,2200,-5
2021/06/04,2205,13
2021/06/03,2192,27.5
2021/06/02,2164.5,-2.5
2021/06/01,2167,4.5
2021/05/31,2162.5,-25.5
2021/05/28,2188,-1.5
2021/05/27,2189.5,3
2021/05/26,2186.5,-8
2021/05/25,2194.5,5.5
2021/05/24,2189,16.5
2021/05/21,2172.5,-8.5
2021/05/20,2181,-4
2021/05/19,2185,5.5
2021/05/18,2179.5,8
2021/05/17,2171.5,-6
2021/05/14,2177.5,27.5
2021/05/13,2150,2
2021/05/12,2148,-1.5
2021/05/11,2149.5,2
2021/05/10,2147.5,7.5
2021/05/07,2140,52
2021/05/06,2088,44
2021/04/30,2044,-16.5
2021/04/28,2060.5,7.5
2021/04/27,2053,-21
2021/04/26,2074,-3.5
2021/04/23,2077.5,-6
2021/04/22,2083.5,18.5
2021/04/21,2065,-12
2021/04/20,2077,-38
2021/04/19,2115,26
2021/04/16,2089,4
2021/04/15,2085,5
2021/04/14,2080,-1
2021/04/13,2081,-9
2021/04/12,2090,14.5
2021/04/09,2075.5,26.5
2021/04/08,2049,-39.5
2021/04/07,2088.5,16.5
2021/04/06,2072,-19
2021/04/05,2091,15
2021/04/02,2076,-21.5
2021/04/01,2097.5,-27.5
2021/03/31,2125,-35
2021/03/30,2160,-4.5
2021/03/29,2164.5,39
2021/03/26,2125.5,12.5
2021/03/25,2113,29
2021/03/24,2084,-25
2021/03/23,2109,-13
2021/03/22,2122,-3.5
2021/03/19,2125.5,41
2021/03/18,2084.5,20.5
2021/03/17,2064,8
2021/03/16,2056,22
2021/03/15,2034,13.5
2021/03/12,2020.5,13.5
2021/03/11,2007,-20.5
2021/03/10,2027.5,7.5
2021/03/09,2020,45.5
2021/03/08,1974.5,39.5
2021/03/05,1935,31
2021/03/04,1904,-2
2021/03/03,1906,0.5
2021/03/02,1905.5,-24
2021/03/01,1929.5,4.5
2021/02/26,1925,-23
2021/02/25,1948,19
2021/02/24,1929,-7.5
2021/02/22,1936.5,6.5
2021/02/19,1930,-20
2021/02/18,1950,-9
2021/02/17,1959,6.5
2021/02/16,1952.5,1.5
2021/02/15,1951,-30
2021/02/12,1981,-9.5
2021/02/10,1990.5,-160.5
2021/02/09,2151,0
2021/02/08,2151,11
2021/02/05,2140,20
2021/02/04,2120,0
2021/02/03,2120,31.5
2021/02/02,2088.5,0.5
2021/02/01,2088,10.5
2021/01/29,2077.5,-5.5
2021/01/28,2083,-24
2021/01/27,2107,27
2021/01/26,2080,26.5
2021/01/25,2053.5,5.5
2021/01/22,2048,1
2021/01/21,2047,24
2021/01/20,2023,-10
2021/01/19,2033,4.5
2021/01/18,2028.5,-30.5
2021/01/15,2059,4
2021/01/14,2055,10.5
2021/01/13,2044.5,-3.5
2021/01/12,2048,2
2021/01/08,2046,0
2021/01/07,2046,4.5
2021/01/06,2041.5,4
2021/01/05,2037.5,-14.5
2021/01/04,2052,-50
2020/12/30,2102,12
2020/12/29,2090,-96
2020/12/28,2186,-11
2020/12/25,2197,27.5
2020/12/24,2169.5,6
2020/12/23,2163.5,-2
2020/12/22,2165.5,-24.5
2020/12/21,2190,-23.5
2020/12/18,2213.5,20
2020/12/17,2193.5,0.5
2020/12/16,2193,-7
2020/12/15,2200,16
2020/12/14,2184,12
2020/12/11,2172,7
2020/12/10,2165,-5.5
2020/12/09,2170.5,17
2020/12/08,2153.5,13.5
2020/12/07,2140,-3
2020/12/04,2143,-0.5
2020/12/03,2143.5,11.5
2020/12/02,2132,-1.5
2020/12/01,2133.5,13.5
2020/11/30,2120,-56.5
2020/11/27,2176.5,-4.5
2020/11/26,2181,3
2020/11/25,2178,14
2020/11/24,2164,10.5
2020/11/20,2153.5,-1
2020/11/19,2154.5,0.5
2020/11/18,2154,-10
2020/11/17,2164,3.5
2020/11/16,2160.5,33.5
2020/11/13,2127,-18.5
2020/11/12,2145.5,12
2020/11/11,2133.5,45.5
2020/11/10,2088,17
2020/11/09,2071,19.5
2020/11/06,2051.5,-11
2020/11/05,2062.5,-27
2020/11/04,2089.5,0.5
2020/11/02,2089,119
2020/10/30,1970,-10
2020/10/29,1980,-10.5
2020/10/28,1990.5,-8.5
2020/10/27,1999,-0.5
2020/10/26,1999.5,6
2020/10/23,1993.5,8.5
2020/10/22,1985,1
2020/10/21,1984,-0.5
2020/10/20,1984.5,-27.5
2020/10/19,2012,15.5
2020/10/16,1996.5,-6
2020/10/15,2002.5,0.5
2020/10/14,2002,8.5
2020/10/13,1993.5,-12.5
2020/10/12,2006,4
2020/10/09,2002,-3
2020/10/08,2005,13.5
2020/10/07,1991.5,8.5
2020/10/06,1983,29
2020/10/05,1954,17
2020/10/02,1937,0
2020/10/01,-,-
2020/09/30,1920,-38
2020/09/29,1958,-2
2020/09/28,1960,5
2020/09/25,1955,5
2020/09/24,1950,-5.5
2020/09/23,1955.5,-25.5
2020/09/18,1981,8
2020/09/17,1973,-6.5
2020/09/16,1979.5,-2
2020/09/15,1981.5,-12.5
2020/09/14,1994,2
2020/09/11,1992,-1
2020/09/10,1993,16.5
2020/09/09,1976.5,0.5
2020/09/08,1976,12.5
2020/09/07,1963.5,-8.5
2020/09/04,1972,-5
2020/09/03,1977,1.5
2020/09/02,1975.5,0
2020/09/01,1975.5,-7
2020/08/31,1982.5,4.5
2020/08/28,1978,-25.5
2020/08/27,2003.5,-3.5
2020/08/26,2007,-12.5
2020/08/25,2019.5,24.5
2020/08/24,1995,-10
2020/08/21,2005,-4.5
2020/08/20,2009.5,-0.5
2020/08/19,2010,11
2020/08/18,1999,9
2020/08/17,1990,-37.5
2020/08/14,2027.5,2
2020/08/13,2025.5,5
2020/08/12,2020.5,33.5
2020/08/11,1987,32.5
2020/08/07,1954.5,-1.5
2020/08/06,1956,-34.5
2020/08/05,1990.5,-5.5
2020/08/04,1996,46.5
2020/08/03,1949.5,137.5
2020/07/31,1812,-7.5
2020/07/30,1819.5,-46.5
2020/07/29,1866,-28.5
2020/07/28,1894.5,-3
2020/07/27,1897.5,-12
2020/07/22,1909.5,-8.5
2020/07/21,1918,-15.5
2020/07/20,1933.5,-15
2020/07/17,1948.5,-13
2020/07/16,1961.5,4.5
2020/07/15,1957,5.5
2020/07/14,1951.5,-6.5
2020/07/13,1958,28
2020/07/10,1930,-25.5
2020/07/09,1955.5,-14
2020/07/08,1969.5,-8
2020/07/07,1977.5,-26.5
2020/07/06,2004,17.5
2020/07/03,1986.5,-11.5
2020/07/02,1998,36.5
2020/07/01,1961.5,-40
2020/06/30,2001.5,4.5
2020/06/29,1997,-103.5
2020/06/26,2100.5,1
2020/06/25,2099.5,-47.5
2020/06/24,2147,-23.5
2020/06/23,2170.5,-4
2020/06/22,2174.5,-7
2020/06/19,2181.5,13
2020/06/18,2168.5,1
2020/06/17,2167.5,0.5
2020/06/16,2167,62.5
2020/06/15,2104.5,-44.5
2020/06/12,2149,-13
2020/06/11,2162,-44
2020/06/10,2206,-17.5
2020/06/09,2223.5,19
2020/06/08,2204.5,26.5
2020/06/05,2178,5.5
2020/06/04,2172.5,21
2020/06/03,2151.5,-17
2020/06/02,2168.5,26
2020/06/01,2142.5,5
2020/05/29,2137.5,-24
2020/05/28,2161.5,45
2020/05/27,2116.5,35.5
2020/05/26,2081,48.5
2020/05/25,2032.5,26.5
2020/05/22,2006,-6.5
2020/05/21,2012.5,-23
2020/05/20,2035.5,1
2020/05/19,2034.5,10
2020/05/18,2024.5,15
2020/05/15,2009.5,7.5
2020/05/14,2002,-26
2020/05/13,2028,-3.5
2020/05/12,2031.5,-1.5
2020/05/11,2033,62.5
2020/05/08,1970.5,11.5
2020/05/07,1959,-22
2020/05/01,1981,-33.5
2020/04/30,2014.5,14
2020/04/28,2000.5,-15.5
2020/04/27,2016,-6.5
2020/04/24,2022.5,42.5
2020/04/23,1980,23.5
2020/04/22,1956.5,-13
2020/04/21,1969.5,-5.5
2020/04/20,1975,-5.5
2020/04/17,1980.5,-2.5
2020/04/16,1983,-6.5
2020/04/15,1989.5,15.5
2020/04/14,1974,13
2020/04/13,1961,-29
2020/04/10,1990,22
2020/04/09,1968,-28.5
2020/04/08,1996.5,6
2020/04/07,1990.5,20.5
2020/04/06,1970,58.5
2020/04/03,1911.5,-16.5
2020/04/02,1928,-46.5
2020/04/01,1974.5,-21.5
2020/03/31,1996,-57.5
2020/03/30,2053.5,35.5
2020/03/27,2018,73.5
2020/03/26,1944.5,-118.5
2020/03/25,2063,137
2020/03/24,1926,21
2020/03/23,1905,0
2020/03/19,1905,1.5
2020/03/18,1903.5,-13.5
2020/03/17,1917,3
2020/03/16,1914,-43.5
2020/03/13,1957.5,-81.5
2020/03/12,2039,-52
2020/03/11,2091,-12.5
2020/03/10,2103.5,69.5
2020/03/09,2034,-78.5
2020/03/06,2112.5,-52
2020/03/05,2164.5,28
2020/03/04,2136.5,-9.5
2020/03/03,2146,-6
2020/03/02,2152,8
2020/02/28,2144,-48.5
2020/02/27,2192.5,-23
2020/02/26,2215.5,-2
2020/02/25,2217.5,-51
2020/02/21,2268.5,1.5
2020/02/20,2267,12
2020/02/19,2255,4
2020/02/18,2251,-3.5
2020/02/17,2254.5,-22
2020/02/14,2276.5,-20
2020/02/13,2296.5,-10.5
2020/02/12,2307,-7.5
2020/02/10,2314.5,13.5
2020/02/07,2301,-34
2020/02/06,2335,37
2020/02/05,2298,8
2020/02/04,2290,-0.5
2020/02/03,2290.5,-25.5
2020/01/31,2316,-2.5
2020/01/30,2318.5,-15.5
2020/01/29,2334,21
2020/01/28,2313,-4
2020/01/27,2317,-30
2020/01/24,2347,-10
2020/01/23,2357,-25.5
2020/01/22,2382.5,-14.5
2020/01/21,2397,-12
2020/01/20,2409,-5
2020/01/17,2414,-3
2020/01/16,2417,-5
2020/01/15,2422,-7
2020/01/14,2429,13.5
2020/01/10,2415.5,10.5
2020/01/09,2405,35
2020/01/08,2370,-24
2020/01/07,2394,16
2020/01/06,2378,-54.5
2019/12/30,2432.5,-17.5
2019/12/27,2450,-88
2019/12/26,2538,8.5
2019/12/25,2529.5,-2
2019/12/24,2531.5,0
2019/12/23,2531.5,9
2019/12/20,2522.5,-3
2019/12/19,2525.5,-11
2019/12/18,2536.5,37.5
2019/12/17,2499,-15.5
2019/12/16,2514.5,13
2019/12/13,2501.5,3.5
2019/12/12,2498,-2
2019/12/11,2500,-4
2019/12/10,2504,-17
2019/12/09,2521,20.5
2019/12/06,2500.5,3.5
2019/12/05,2497,-18
2019/12/04,2515,13
2019/12/03,2502,-14.5
2019/12/02,2516.5,22
2019/11/29,2494.5,7
2019/11/28,2487.5,15.5
2019/11/27,2472,-4
2019/11/26,2476,-4
2019/11/25,2480,-3
2019/11/22,2483,1
2019/11/21,2482,17
2019/11/20,2465,-23.5
2019/11/19,2488.5,-5
2019/11/18,2493.5,11.5
2019/11/15,2482,27
2019/11/14,2455,-16
2019/11/13,2471,-9.5
2019/11/12,2480.5,17.5
2019/11/11,2463,24
2019/11/08,2439,2
2019/11/07,2437,8
2019/11/06,2429,-14
2019/11/05,2443,15.5
2019/11/01,2427.5,-28.5
2019/10/31,2456,1
2019/10/30,2455,11
2019/10/29,2444,3
2019/10/28,2441,-30
2019/10/25,2471,4.5
2019/10/24,2466.5,12
2019/10/23,2454.5,46
2019/10/21,2408.5,17
2019/10/18,2391.5,-6
2019/10/17,2397.5,3
2019/10/16,2394.5,-1
2019/10/15,2395.5,26
2019/10/11,2369.5,13
2019/10/10,2356.5,10
2019/10/09,2346.5,0.5
2019/10/08,2346,0
2019/10/07,2346,-19.5
2019/10/04,2365.5,23.5
2019/10/03,2342,-58
2019/10/02,2400,-8.5
2019/10/01,2408.5,42.5
2019/09/30,2366,2.5
2019/09/27,2363.5,13
2019/09/26,2350.5,7.5
2019/09/25,2343,-7
2019/09/24,2350,29.5
2019/09/20,2320.5,22.5
2019/09/19,2298,-16
2019/09/18,2314,-18.5
2019/09/17,2332.5,-13
2019/09/13,2345.5,12.5
2019/09/12,2333,-3.5
2019/09/11,2336.5,62
2019/09/10,2274.5,35
2019/09/09,2239.5,36
2019/09/06,2203.5,-16
2019/09/05,2219.5,40.5
2019/09/04,2179,-36
2019/09/03,2215,-25.5
2019/09/02,2240.5,-10
2019/08/30,2250.5,8.5
2019/08/29,2242,11.5
2019/08/28,2230.5,-19
2019/08/27,2249.5,15
2019/08/26,2234.5,5.5
2019/08/23,2229,12
2019/08/22,2217,-22
2019/08/21,2239,-23
2019/08/20,2262,-36.5
2019/08/19,2298.5,32
2019/08/16,2266.5,-3
2019/08/15,2269.5,-18
2019/08/14,2287.5,-8.5
2019/08/13,2296,-5.5
2019/08/09,2301.5,-11
2019/08/08,2312.5,-3.5
2019/08/07,2316,6
2019/08/06,2310,-19
2019/08/05,2329,-47.5
2019/08/02,2376.5,-32
2019/08/01,2408.5,-11
2019/07/31,2419.5,-22.5
2019/07/30,2442,5
2019/07/29,2437,13.5
2019/07/26,2423.5,-3.5
2019/07/25,2427,-12.5
2019/07/24,2439.5,0.5
2019/07/23,2439,6.5
2019/07/22,2432.5,-19.5
2019/07/19,2452,55.5
2019/07/18,2396.5,-43.5
2019/07/17,2440,-26.5
2019/07/16,2466.5,8
2019/07/12,2458.5,5.5
2019/07/11,2453,5.5
2019/07/10,2447.5,-7
2019/07/09,2454.5,-10.5
2019/07/08,2465,-15
2019/07/05,2480,35
2019/07/04,2445,25
2019/07/03,2420,11.5
2019/07/02,2408.5,7.5
2019/07/01,2401,21.5
2019/06/28,2379.5,-31
2019/06/27,2410.5,-12.5
2019/06/26,2423,-79.5
2019/06/25,2502.5,-13
2019/06/24,2515.5,12
2019/06/21,2503.5,2.5
2019/06/20,2501,0.5
2019/06/19,2500.5,0.5
2019/06/18,2500,1
2019/06/17,2499,-2
2019/06/14,2501,-2.5
2019/06/13,2503.5,-32.5
2019/06/12,2536,14.5
2019/06/11,2521.5,7.5
2019/06/10,2514,26
2019/06/07,2488,7
2019/06/06,2481,-19
2019/06/05,2500,30
2019/06/04,2470,-4
2019/06/03,2474,-18.5
2019/05/31,2492.5,-7.5
2019/05/30,2500,0.5
2019/05/29,2499.5,-48
2019/05/28,2547.5,9.5
2019/05/27,2538,-1
2019/05/24,2539,14.5
2019/05/23,2524.5,-13.5
2019/05/22,2538,-17
2019/05/21,2555,6.5
2019/05/20,2548.5,31.5
2019/05/17,2517,17
2019/05/16,2500,-21
2019/05/15,2521,14.5
2019/05/14,2506.5,25
2019/05/13,2481.5,11.5
2019/05/10,2470,2.5
2019/05/09,2467.5,-44.5
2019/05/08,2512,-52.5
2019/05/07,2564.5,-11.5
2019/04/26,2576,-1.5
2019/04/25,2577.5,3
2019/04/24,2574.5,-21
2019/04/23,2595.5,16
2019/04/22,2579.5,15.5
2019/04/19,2564,-10
2019/04/18,2574,-30
2019/04/17,2604,-19
2019/04/16,2623,-1.5
2019/04/15,2624.5,-1.5
2019/04/12,2626,0.5
2019/04/11,2625.5,16.5
2019/04/10,2609,-30
2019/04/09,2639,-33.5
2019/04/08,2672.5,-25
2019/04/05,2697.5,-13.5
2019/04/04,2711,-14
2019/04/03,2725,-21.5
2019/04/02,2746.5,-28
2019/04/01,2774.5,29.5
2019/03/29,2745,7.5
2019/03/28,2737.5,-67
2019/03/27,2804.5,37
2019/03/26,2767.5,65
2019/03/25,2702.5,-50
2019/03/22,2752.5,-41.5
2019/03/20,2794,-31
2019/03/19,2825,-9
2019/03/18,2834,12.5
2019/03/15,2821.5,24.5
2019/03/14,2797,-15.5
2019/03/13,2812.5,26
2019/03/12,2786.5,-1
2019/03/11,2787.5,-8
2019/03/08,2795.5,-21
2019/03/07,2816.5,15.5
2019/03/06,2801,-2
2019/03/05,2803,18
2019/03/04,2785,-33.5
2019/03/01,2818.5,-14.5
2019/02/28,2833,-28.5
2019/02/27,2861.5,-23.5
2019/02/26,2885,6
2019/02/25,2879,-11
2019/02/22,2890,-1.5
2019/02/21,2891.5,64.5
2019/02/20,2827,16.5
2019/02/19,2810.5,10.5
2019/02/18,2800,20
2019/02/15,2780,-2
2019/02/14,2782,23.5
2019/02/13,2758.5,6
2019/02/12,2752.5,85
2019/02/08,2667.5,-59
2019/02/07,2726.5,-47.5
2019/02/06,2774,27.5
2019/02/05,2746.5,-7.5
2019/02/04,2754,0.5
2019/02/01,2753.5,3.5
2019/01/31,2750,18.5
2019/01/30,2731.5,-10.5
2019/01/29,2742,-2.5
2019/01/28,2744.5,-4.5
2019/01/25,2749,8
2019/01/24,2741,-20.5
2019/01/23,2761.5,2
2019/01/22,2759.5,6.5
2019/01/21,2753,8
2019/01/18,2745,62
2019/01/17,2683,-7.5
2019/01/16,2690.5,2.5
2019/01/15,2688,25
2019/01/11,2663,9
2019/01/10,2654,-10.5
2019/01/09,2664.5,42.5
2019/01/08,2622,-20.5
2019/01/07,2642.5,55.5
2019/01/04,2587,-29.5
2018/12/28,2616.5,10.5
2018/12/27,2606,94.5
2018/12/26,2511.5,-75.5
2018/12/25,2587,-94.5
2018/12/21,2681.5,-76
2018/12/20,2757.5,-52
2018/12/19,2809.5,-21.5
2018/12/18,2831,-40
2018/12/17,2871,12.5
2018/12/14,2858.5,-20.5
2018/12/13,2879,25
2018/12/12,2854,39
2018/12/11,2815,11.5
2018/12/10,2803.5,-49
2018/12/07,2852.5,34
2018/12/06,2818.5,-42.5
2018/12/05,2861,21.5
2018/12/04,2839.5,-22.5
2018/12/03,2862,38.5
2018/11/30,2823.5,-6
2018/11/29,2829.5,-7
2018/11/28,2836.5,18.5
2018/11/27,2818,-1
2018/11/26,2819,-19
2018/11/22,2838,22
2018/11/21,2816,-13
2018/11/20,2829,9
2018/11/19,2820,2
2018/11/16,2818,-5
2018/11/15,2823,-4.5
2018/11/14,2827.5,-6.5
2018/11/13,2834,-36.5
2018/11/12,2870.5,22.5
2018/11/09,2848,1.5
2018/11/08,2846.5,45.5
2018/11/07,2801,-45
2018/11/06,2846,-2.5
2018/11/05,2848.5,-17
2018/11/02,2865.5,3.5
2018/11/01,2862,-44.5
2018/10/31,2906.5,-17
2018/10/30,2923.5,22.5
2018/10/29,2901,-7
2018/10/26,2908,-3
2018/10/25,2911,-31.5
2018/10/24,2942.5,59
2018/10/23,2883.5,-71.5
2018/10/22,2955,19
2018/10/19,2936,-25
2018/10/18,2961,42.5
2018/10/17,2918.5,40
2018/10/16,2878.5,28.5
2018/10/15,2850,-19.5
2018/10/12,2869.5,-20.5
2018/10/11,2890,-62
2018/10/10,2952,34
2018/10/09,2918,-23
2018/10/05,2941,-12.5
2018/10/04,2953.5,-15.5
2018/10/03,2969,-23.5
2018/10/02,2992.5,51.5
2018/10/01,2941,-25
2018/09/28,2966,37.5
2018/09/27,2928.5,-31
2018/09/26,2959.5,7.5
2018/09/25,2952,22
2018/09/21,2930,3.5
2018/09/20,2926.5,-63.5
2018/09/19,2990,0.5
2018/09/18,2989.5,26
2018/09/14,2963.5,-24.5
2018/09/13,2988,44
2018/09/12,2944,29
2018/09/11,2915,48
2018/09/10,2867,1.5
2018/09/07,2865.5,-23.5
2018/09/06,2889,-21
2018/09/05,2910,-10
2018/09/04,2920,11
2018/09/03,2909,-13
2018/08/31,2922,-17
2018/08/30,2939,-33
2018/08/29,2972,-6
2018/08/28,2978,-15
2018/08/27,2993,-15
2018/08/24,3008,1
2018/08/23,3007,-10
2018/08/22,3017,-31
2018/08/21,3048,-10
2018/08/20,3058,-35
2018/08/17,3093,-15
2018/08/16,3108,56
2018/08/15,3052,21
2018/08/14,3031,38
2018/08/13,2993,-71
2018/08/10,3064,-24
2018/08/09,3088,-29
2018/08/08,3117,-26
2018/08/07,3143,61
2018/08/06,3082,-19
2018/08/03,3101,-46
2018/08/02,3147,19
2018/08/01,3128,-48
2018/07/31,3176,28
2018/07/30,3148,-1
2018/07/27,3149,57
2018/07/26,3092,91
2018/07/25,3001,-11
2018/07/24,3012,-2
2018/07/23,3014,35.5
2018/07/20,2978.5,38.5
2018/07/19,2940,15.5
2018/07/18,2924.5,-110.5
2018/07/17,3035,50.5
2018/07/13,2984.5,20.5
2018/07/12,2964,-14.5
2018/07/11,2978.5,-24.5
2018/07/10,3003,-21
2018/07/09,3024,-15
2018/07/06,3039,38
2018/07/05,3001,-37
2018/07/04,3038,15
2018/07/03,3023,10
2018/07/02,3013,-82
2018/06/29,3095,63
2018/06/28,3032,-16
2018/06/27,3048,-124
2018/06/26,3172,-39
2018/06/25,3211,-3
2018/06/22,3214,34
2018/06/21,3180,37
2018/06/20,3143,21
2018/06/19,3122,-60
2018/06/18,3182,17
2018/06/15,3165,40
2018/06/14,3125,23
2018/06/13,3102,49
2018/06/12,3053,32
2018/06/11,3021,41
2018/06/08,2980,-22
2018/06/07,3002,28
2018/06/06,2974,38.5
2018/06/05,2935.5,5.5
2018/06/04,2930,27.5
2018/06/01,2902.5,-33.5
2018/05/31,2936,34.5
2018/05/30,2901.5,-32.5
2018/05/29,2934,-2
2018/05/28,2936,9
2018/05/25,2927,-22.5
2018/05/24,2949.5,0
2018/05/23,2949.5,-18
2018/05/22,2967.5,-18.5
2018/05/21,2986,-39
2018/05/18,3025,-15
2018/05/17,3040,-3
2018/05/16,3043,-10
2018/05/15,3053,15
2018/05/14,3038,32
2018/05/11,3006,12
2018/05/10,2994,0.5
2018/05/09,2993.5,-56.5
2018/05/08,3050,2
2018/05/07,3048,-2
2018/05/02,3050,164.5
2018/05/01,2885.5,-51
2018/04/27,2936.5,-15
2018/04/26,2951.5,56.5
2018/04/25,2895,36.5
2018/04/24,2858.5,-4.5
2018/04/23,2863,-29
2018/04/20,2892,-70.5
2018/04/19,2962.5,-2
2018/04/18,2964.5,-11
2018/04/17,2975.5,0
2018/04/16,2975.5,18.5
2018/04/13,2957,2
2018/04/12,2955,-10
2018/04/11,2965,-13
2018/04/10,2978,-40
2018/04/09,3018,4
2018/04/06,3014,-6
2018/04/05,3020,17
2018/04/04,3003,-55
2018/04/03,3058,4
2018/04/02,3054,-12
2018/03/30,3066,31
2018/03/29,3035,14
2018/03/28,3021,64
2018/03/27,2957,47.5
2018/03/26,2909.5,71
2018/03/23,2838.5,2.5
2018/03/22,2836,-132
2018/03/20,2968,-11
2018/03/19,2979,-40
2018/03/16,3019,3
2018/03/15,3016,-6
2018/03/14,3022,-36
2018/03/13,3058,36
2018/03/12,3022,42
2018/03/09,2980,-20
2018/03/08,3000,13.5
2018/03/07,2986.5,-20.5
2018/03/06,3007,-28
2018/03/05,3035,49
2018/03/02,2986,-17
2018/03/01,3003,-45
2018/02/28,3048,-37
2018/02/27,3085,19
2018/02/26,3066,-30
2018/02/23,3096,39
2018/02/22,3057,-49
2018/02/21,3106,-34
2018/02/20,3140,-68
2018/02/19,3208,41
2018/02/16,3167,40
2018/02/15,3127,-20
2018/02/14,3147,21
2018/02/13,3126,-74
2018/02/09,3200,-43
2018/02/08,3243,-58
2018/02/07,3301,-210
2018/02/06,3511,-75
2018/02/05,3586,-31
2018/02/02,3617,-3
2018/02/01,3620,8
2018/01/31,3612,-28
2018/01/30,3640,-16
2018/01/29,3656,-2
2018/01/26,3658,-15
2018/01/25,3673,-22
2018/01/24,3695,19
2018/01/23,3676,23
2018/01/22,3653,34
2018/01/19,3619,-13
2018/01/18,3632,5
2018/01/17,3627,6
2018/01/16,3621,30
2018/01/15,3591,-12
2018/01/12,3603,-43
2018/01/11,3646,7
2018/01/10,3639,-26
2018/01/09,3665,20
2018/01/05,3645,-36
2018/01/04,3681,50
2017/12/29,3631,-5
2017/12/28,3636,-14
2017/12/27,3650,-70
2017/12/26,3720,2
2017/12/25,3718,17
2017/12/22,3701,6
2017/12/21,3695,-5
2017/12/20,3700,-2
2017/12/19,3702,-12
2017/12/18,3714,-5
2017/12/15,3719,5
2017/12/14,3714,-6
2017/12/13,3720,-6
2017/12/12,3726,-4
2017/12/11,3730,5
2017/12/08,3725,-5
2017/12/07,3730,4
2017/12/06,3726,-47
2017/12/05,3773,63
2017/12/04,3710,-20
2017/12/01,3730,10
2017/11/30,3720,23
2017/11/29,3697,-18
2017/11/28,3715,12
2017/11/27,3703,-2
2017/11/24,3705,11
2017/11/22,3694,4
2017/11/21,3690,-10
2017/11/20,3700,-25
2017/11/17,3725,-11
2017/11/16,3736,31
2017/11/15,3705,-46
2017/11/14,3751,-14
2017/11/13,3765,-34
2017/11/10,3799,-4
2017/11/09,3803,-20
2017/11/08,3823,-17
2017/11/07,3840,97
2017/11/06,3743,-61
2017/11/02,3804,45
2017/11/01,3759,12
2017/10/31,3747,-26
2017/10/30,3773,-32
2017/10/27,3805,5
2017/10/26,3800,-50
2017/10/25,3850,-35
2017/10/24,3885,9
2017/10/23,3876,-14
2017/10/20,3890,14
2017/10/19,3876,25
2017/10/18,3851,47
2017/10/17,3804,22
2017/10/16,3782,68
2017/10/13,3714,21
2017/10/12,3693,6
2017/10/11,3687,2
2017/10/10,3685,-5
2017/10/06,3690,-7
2017/10/05,3697,6
2017/10/04,3691,-19
2017/10/03,3710,21
2017/10/02,3689,1
2017/09/29,3688,-25
2017/09/28,3713,11
2017/09/27,3702,15
2017/09/26,3687,7
2017/09/25,3680,6
2017/09/22,3674,-9
2017/09/21,3683,-39
2017/09/20,3722,2
2017/09/19,3720,24
2017/09/15,3696,14
2017/09/14,3682,-24
2017/09/13,3706,10
2017/09/12,3696,27
2017/09/11,3669,14
2017/09/08,3655,-64
2017/09/07,3719,17
2017/09/06,3702,-4
2017/09/05,3706,-28
2017/09/04,3734,-36
2017/09/01,3770,6
2017/08/31,3764,28
2017/08/30,3736,23
2017/08/29,3713,4
2017/08/28,3709,13
2017/08/25,3696,-21
2017/08/24,3717,-24
2017/08/23,3741,1
2017/08/22,3740,-3
2017/08/21,3743,-61
2017/08/18,3804,20
2017/08/17,3784,-1
2017/08/16,3785,10
2017/08/15,3775,-8
2017/08/14,3783,-20
2017/08/10,3803,-18
2017/08/09,3821,-24
2017/08/08,3845,26
2017/08/07,3819,17
2017/08/04,3802,-35
2017/08/03,3837,-23
2017/08/02,3860,4
2017/08/01,3856,22
2017/07/31,3834,-61
2017/07/28,3895,67
2017/07/27,3828,35
2017/07/26,3793,-14
2017/07/25,3807,62
2017/07/24,3745,-38
2017/07/21,3783,-44
2017/07/20,3827,14
2017/07/19,3813,1
2017/07/18,3812,-25
2017/07/14,3837,-3
2017/07/13,3840,-16
2017/07/12,3856,-18
2017/07/11,3874,17
2017/07/10,3857,-5
2017/07/07,3862,2
2017/07/06,3860,-10
2017/07/05,3870,-29
2017/07/04,3899,-51
2017/07/03,3950,3
2017/06/30,3947,-63
2017/06/29,4010,-55
2017/06/28,4065,-63
2017/06/27,4128,38
2017/06/26,4090,65
2017/06/23,4025,15
2017/06/22,4010,-35
2017/06/21,4045,-61
2017/06/20,4106,-3
2017/06/19,4109,-9
2017/06/16,4118,22
2017/06/15,4096,-9
2017/06/14,4105,4
2017/06/13,4101,-26
2017/06/12,4127,97
2017/06/09,4030,-41
2017/06/08,4071,-28
2017/06/07,4099,-51
2017/06/06,4150,-33
2017/06/05,4183,-9
2017/06/02,4192,-13
2017/06/01,4205,44
2017/05/31,4161,-37
2017/05/30,4198,-5
2017/05/29,4203,31
2017/05/26,4172,3
2017/05/25,4169,-55
2017/05/24,4224,47
2017/05/23,4177,63
2017/05/22,4114,2
2017/05/19,4112,-12
2017/05/18,4124,62
2017/05/17,4062,44
2017/05/16,4018,71
2017/05/15,3947,15
2017/05/12,3932,41
2017/05/11,3891,100
2017/05/10,3791,15
2017/05/09,3776,-4
2017/05/08,3780,45
2017/05/02,3735,9
2017/05/01,3726,20
2017/04/28,3706,-52
2017/04/27,3758,-37
2017/04/26,3795,33
2017/04/25,3762,26
2017/04/24,3736,34
2017/04/21,3702,59
2017/04/20,3643,-5
2017/04/19,3648,-49
2017/04/18,3697,7
2017/04/17,3690,14
2017/04/14,3676,29
2017/04/13,3647,-32
2017/04/12,3679,-42
2017/04/11,3721,20
2017/04/10,3701,12
2017/04/07,3689,34
2017/04/06,3655,-10
2017/04/05,3665,8
2017/04/04,3657,35
2017/04/03,3622,4
2017/03/31,3618,-36
2017/03/30,3654,-47
2017/03/29,3701,-25
2017/03/28,3726,1
2017/03/27,3725,-61
2017/03/24,3786,33
2017/03/23,3753,1
2017/03/22,3752,-104
2017/03/21,3856,84
2017/03/17,3772,-11
2017/03/16,3783,-48
2017/03/15,3831,-9
2017/03/14,3840,-5
2017/03/13,3845,41
2017/03/10,3804,49
2017/03/09,3755,-11
2017/03/08,3766,-14
2017/03/07,3780,-2
2017/03/06,3782,1
2017/03/03,3781,5
2017/03/02,3776,-24
2017/03/01,3800,43
2017/02/28,3757,-21
2017/02/27,3778,-27
2017/02/24,3805,-6
2017/02/23,3811,13
2017/02/22,3798,20
2017/02/21,3778,4
2017/02/20,3774,6
2017/02/17,3768,16
2017/02/16,3752,6
2017/02/15,3746,19
2017/02/14,3727,-16
2017/02/13,3743,60
2017/02/10,3683,32
2017/02/09,3651,-3
2017/02/08,3654,22
2017/02/07,3632,-61
2017/02/06,3693,16
2017/02/03,3677,62
2017/02/02,3615,-16
2017/02/01,3631,-9
2017/01/31,3640,-71
2017/01/30,3711,0
2017/01/27,3711,30
2017/01/26,3681,-2
2017/01/25,3683,-37
2017/01/24,3720,-17
2017/01/23,3737,-27
2017/01/20,3764,27
2017/01/19,3737,-7
2017/01/18,3744,-16
2017/01/17,3760,-59
2017/01/16,3819,-51
2017/01/13,3870,27
2017/01/12,3843,-18
2017/01/11,3861,-26
2017/01/10,3887,-33
2017/01/06,3920,9
2017/01/05,3911,60
2017/01/04,3851,7
2016/12/30,3844,-10
2016/12/29,3854,15
2016/12/28,3839,-83
2016/12/27,3922,-13
2016/12/26,3935,11
2016/12/22,3924,15
2016/12/21,3909,-5
2016/12/20,3914,-12
2016/12/19,3926,36
2016/12/16,3890,0
2016/12/15,3890,10
2016/12/14,3880,-25
2016/12/13,3905,7
2016/12/12,3898,83
2016/12/09,3815,35
2016/12/08,3780,6
2016/12/07,3774,-13
2016/12/06,3787,-31
2016/12/05,3818,-26
2016/12/02,3844,-96
2016/12/01,3940,-6
2016/11/30,3946,-2
2016/11/29,3948,37
2016/11/28,3911,17
2016/11/25,3894,0
2016/11/24,3894,61
2016/11/22,3833,30
2016/11/21,3803,103
2016/11/18,3700,-102
2016/11/17,3802,71
2016/11/16,3731,-5
2016/11/15,3736,36
2016/11/14,3700,-71
2016/11/11,3771,-78
2016/11/10,3849,35
2016/11/09,3814,-138
2016/11/08,3952,27
2016/11/07,3925,31
2016/11/04,3894,-129
2016/11/02,4023,-5
2016/11/01,4028,34
2016/10/31,3994,5
2016/10/28,3989,2
2016/10/27,3987,22
2016/10/26,3965,119
2016/10/25,3846,-29
2016/10/24,3875,-7
2016/10/21,3882,-49
2016/10/20,3931,3
2016/10/19,3928,-72
2016/10/18,4000,-115
2016/10/17,4115,-3
2016/10/14,4118,-17
2016/10/13,4135,-30
2016/10/12,4165,-20
2016/10/11,4185,67
2016/10/07,4118,32
2016/10/06,4086,-43
2016/10/05,4129,-17
2016/10/04,4146,5
2016/10/03,4141,22
2016/09/30,4119,-6
2016/09/29,4125,51
2016/09/28,4074,8
2016/09/27,4066,45
2016/09/26,4021,13
2016/09/23,4008,-40
2016/09/21,4048,82
2016/09/20,3966,8
2016/09/16,3958,10
2016/09/15,3948,-22
2016/09/14,3970,-23
2016/09/13,3993,43
2016/09/12,3950,-16
2016/09/09,3966,-19
2016/09/08,3985,-60
2016/09/07,4045,-62
2016/09/06,4107,7
2016/09/05,4100,-6
2016/09/02,4106,73
2016/09/01,4033,25
2016/08/31,4008,90
2016/08/30,3918,60
2016/08/29,3858,-11
2016/08/26,3869,-54
2016/08/25,3923,22
2016/08/24,3901,4
2016/08/23,3897,10
2016/08/22,3887,22
2016/08/19,3865,-47
2016/08/18,3912,-57
2016/08/17,3969,-22
2016/08/16,3991,-52
2016/08/15,4043,33
2016/08/12,4010,14
2016/08/10,3996,0
2016/08/09,3996,-12
2016/08/08,4008,48
2016/08/05,3960,8
2016/08/04,3952,24
2016/08/03,3928,-125
2016/08/02,4053,6
2016/08/01,4047,22
2016/07/29,4025,-31
2016/07/28,4056,-54
2016/07/27,4110,-14
2016/07/26,4124,-53
2016/07/25,4177,-65
2016/07/22,4242,23
2016/07/21,4219,-15
2016/07/20,4234,5
2016/07/19,4229,-41
2016/07/15,4270,-81
2016/07/14,4351,-18
2016/07/13,4369,11
2016/07/12,4358,45
2016/07/11,4313,24
2016/07/08,4289,-20
2016/07/07,4309,25
2016/07/06,4284,-36
2016/07/05,4320,5
2016/07/04,4315,0
